amount,oldbalanceOrg,newbalanceOrig,oldbalanceDest,newbalanceDest,isFraud,isFlaggedFraud
9839.64,170136,160296.36,0,0,0,0
1864.28,21249,19384.72,0,0,0,0
181,181,0,0,0,1,0
181,181,0,21182,0,1,0
11668.14,41554,29885.86,0,0,0,0
7817.71,53860,46042.29,0,0,0,0
7107.77,183195,176087.23,0,0,0,0
7861.64,176087.23,168225.59,0,0,0,0
4024.36,2671,0,0,0,0,0
5337.77,41720,36382.23,41898,40348.79,0,0
9644.94,4465,0,10845,157982.12,0,0
3099.97,20771,17671.03,0,0,0,0
2560.74,5070,2509.26,0,0,0,0
11633.76,10127,0,0,0,0,0
4098.78,503264,499165.22,0,0,0,0
229133.94,15325,0,5083,51513.44,0,0
1563.82,450,0,0,0,0,0
1157.86,21156,19998.14,0,0,0,0
671.64,15123,14451.36,0,0,0,0
215310.3,705,0,22425,0,0,0
1373.43,13854,12480.57,0,0,0,0
9302.79,11299,1996.21,29832,16896.7,0,0
1065.41,1817,751.59,10330,0,0,0
3876.41,67852,63975.59,0,0,0,0
311685.89,10835,0,6267,2719172.89,0,0
6061.13,443,0,0,0,0,0
9478.39,116494,107015.61,0,0,0,0
8009.09,10968,2958.91,0,0,0,0
8901.99,2958.91,0,0,0,0,0
9920.52,0,0,0,0,0,0
3448.92,0,0,0,0,0,0
4206.84,0,0,0,0,0,0
5885.56,0,0,0,0,0,0
5307.88,0,0,0,0,0,0
5031.22,0,0,0,0,0,0
24213.67,0,0,0,0,0,0
8603.42,253,0,0,0,0,0
2791.42,300481,297689.58,0,0,0,0
7413.54,297689.58,290276.03,0,0,0,0
3295.19,233633,230337.81,0,0,0,0
1684.81,297,0,0,0,0,0
5758.59,32604,26845.41,209699,16997.22,0,0
110414.71,26845.41,0,288800,2415.16,0,0
7823.46,998,0,0,0,0,0
5086.48,0,0,0,0,0,0
5281.48,152019,146737.52,0,0,0,0
13875.98,15818,1942.02,0,0,0,0
56953.9,1942.02,0,70253,64106.18,0,0
5346.89,0,0,652637,6453430.91,0,0
2204.04,586,0,0,0,0,0
2641.47,23053,20411.53,0,0,0,0
23261.3,20411.53,0,25742,0,0,0
2330.64,203543,201212.36,0,0,0,0
1614.64,41276,39661.36,0,0,0,0
9164.71,47235.77,38071.06,0,0,0,0
2970.97,38071.06,35100.09,0,0,0,0
38.66,16174,16135.34,0,0,0,0
2252.44,1627,0,0,0,0,0
62610.8,79114,16503.2,517,8383.29,0,0
5529.13,8547,3017.87,10206,0,0,0
82940.31,3017.87,0,132372,49864.36,0,0
4510.22,10256,5745.78,10697,0,0,0
8727.74,882770,874042.26,12636,0,0,0
2599.46,874042.26,871442.79,0,0,0,0
4874.49,153,0,253104,0,0,0
6440.78,2192,0,0,0,0,0
4910.14,41551,36640.86,0,0,0,0
6444.64,12019,5574.36,0,0,0,0
5149.66,4782,0,52752,24044.18,0,0
7292.16,216827,209534.84,0,0,0,0
47458.86,209534.84,162075.98,52120,0,0,0
136872.92,162075.98,25203.05,217806,0,0,0
94253.33,25203.05,0,99773,965870.05,0,0
2998.04,12030,9031.96,0,0,0,0
3454.08,9031.96,5577.88,0,0,0,0
4316.2,10999,6682.8,0,0,0,0
2131.84,224,0,0,0,0,0
12986.61,23350,10363.39,0,0,0,0
42712.39,10363.39,0,57901.66,24044.18,0,0
77957.68,0,0,94900,22233.65,0,0
17231.46,0,0,24672,0,0,0
78766.03,0,0,103772,277515.05,0,0
224606.64,0,0,354678.92,0,0,0
125872.53,0,0,348512,3420103.09,0,0
379856.23,0,0,900180,1.92E+07,0,0
1505626.01,0,0,29031,5515763.34,0,0
554026.99,0,0,579285.56,0,0,0
147543.1,0,0,223220,16518.36,0,0
761507.39,0,0,1280036.23,1.92E+07,0,0
1429051.47,0,0,2041543.62,1.92E+07,0,0
358831.92,0,0,474384.53,3420103.09,0,0
367768.4,0,0,370763.1,16518.36,0,0
209711.11,0,0,399214.71,2415.16,0,0
583848.46,0,0,667778,2107778.11,0,0
1724887.05,0,0,3470595.1,1.92E+07,0,0
710544.77,0,0,738531.5,16518.36,0,0
581294.26,0,0,5195482.15,1.92E+07,0,0
11996.58,0,0,40255,0,0,0
2875.1,15443,12567.9,0,0,0,0
8586.98,3763,0,0,0,0,0
871.75,19869,18997.25,0,0,0,0
1035.36,71636,70600.64,0,0,0,0
1063.53,83084,82020.47,0,0,0,0
1019.9,204237,203217.1,0,0,0,0
4059.38,26304,22244.62,0,0,0,0
1876.44,182,0,0,0,0,0
28404.6,0,0,51744,0,0,0
75405.1,0,0,104209,46462.23,0,0
50101.88,0,0,67684,9940339.29,0,0
14121.82,0,0,52679,10963.66,0,0
78292.91,0,0,121112,95508.95,0,0
176149.9,0,0,259813,46820.71,0,0
212228.35,0,0,429747,1178808.14,0,0
85423.63,0,0,5776776.41,1.92E+07,0,0
11648.5,0,0,260976,971418.91,0,0
6165.58,20925,14759.42,0,0,0,0
3705.83,41903.46,38197.63,0,0,0,0
419801.4,38197.63,0,499962,1517262.16,0,0
335416.51,144478,0,295,52415.15,0,0
3372.29,41398,38025.71,0,0,0,0
661.43,14078,13416.57,0,0,0,0
864.68,69836,68971.32,12040,43691.09,0,0
1203.44,29941,28737.56,0,0,0,0
330757.04,103657,0,79676,1254956.07,0,0
1915.43,11450,9534.57,0,0,0,0
8.73,81313,81304.27,0,0,0,0
3058.8,18138,15079.2,11054,8917.54,0,0
5154.97,9476,4321.03,0,0,0,0
5213.25,36380,31166.75,0,0,0,0
5392.75,50757,45364.25,0,0,0,0
25.12,61663,61637.88,0,0,0,0
17150.89,61637.88,44486.99,0,0,0,0
679502.24,290,0,171866,3940085.21,0,0
177652.91,23720,0,55,4894.45,0,0
5443.26,236997,231553.74,0,0,0,0
244.87,257978.49,257733.62,0,0,0,0
8281.57,257733.62,249452.05,0,0,0,0
1175.59,20509,19333.41,0,0,0,0
1097.74,24866,23768.26,0,0,0,0
184986.8,39588,0,52340,97263.78,0,0
1718.29,117811,116092.71,0,0,0,0
3671.32,100094,96422.68,0,0,0,0
3580.26,2565,0,21185,18910.85,0,0
8550.9,40060,31509.1,0,0,0,0
9753.55,60829,51075.45,0,0,0,0
3026.98,31139,28112.02,0,0,0,0
467177.03,28112.02,0,975121,22190.99,0,0
3875.99,259138,255262.01,608925.82,2415.16,0,0
2148.89,31213,29064.11,0,0,0,0
466.97,80030,79563.03,0,0,0,0
154139.72,79563.03,0,410433.04,1254956.07,0,0
82685.93,0,0,833216.44,3420103.09,0,0
83857.23,0,0,215457.59,16997.22,0,0
99109.77,0,0,299314.82,16997.22,0,0
187726.67,0,0,190573,1567434.81,0,0
281339.92,0,0,612801.81,2415.16,0,0
186447.51,0,0,5862200.03,1.92E+07,0,0
81029.86,0,0,105343,8496.61,0,0
139054.95,0,0,182538.03,277515.05,0,0
154716.2,0,0,187433,3461666.05,0,0
53631.83,0,0,83244,0,0,0
289645.52,0,0,871442.79,1412484.09,0,0
267148.82,0,0,641975.35,1178808.14,0,0
47913.58,0,0,51304,0,0,0
193605.38,0,0,249452.05,0,0,0
344464.4,0,0,1133312.56,0,0,0
169409.87,0,0,909124.16,1178808.14,0,0
25793.74,0,0,215312.31,49864.36,0,0
114712.48,0,0,145400,0,0,0
89038.75,0,0,189808,1186556.81,0,0
1341.58,0,0,80341,557537.26,0,0
44443.08,0,0,6048647.54,1.92E+07,0,0
34729.64,0,0,44853,96.88,0,0
105979.34,0,0,435962.9,46820.71,0,0
57794.61,0,0,99217.58,0,0,0
15918.79,0,0,24553,0,0,0
19162.08,0,0,60169,215851.28,0,0
220691.42,0,0,6093090.62,1.92E+07,0,0
9536.54,0,0,49161,130747.56,0,0
29784.06,0,0,63553,0,0,0
190445.51,0,0,203679,2107965.39,0,0
57279.11,0,0,127206.9,64106.18,0,0
112086.81,0,0,292728,55974.56,0,0
80311.89,0,0,87408,63112.23,0,0
151829.91,0,0,1161088.31,1412484.09,0,0
26004.52,0,0,52251.58,0,0,0
3146.16,0,0,9471,593737.38,0,0
296752.75,0,0,404814.81,55974.56,0,0
191702.06,0,0,272624.5,971418.91,0,0
365510.05,0,0,564572.76,1254956.07,0,0
202332.08,0,0,342149.2,3461666.05,0,0
55105.9,0,0,317952.89,2719172.89,0,0
171508.59,0,0,443057.43,0,0,0
178439.26,0,0,278846.75,1186556.81,0,0
88834.86,0,0,464326.57,971418.91,0,0
210370.09,0,0,1442298.03,22190.99,0,0
36437.06,0,0,154606,1363368.51,0,0
82691.56,0,0,657983.89,6453430.91,0,0
338767.1,0,0,544481.28,3461666.05,0,0
187728.59,0,0,394124.51,2107965.39,0,0
271002.7,0,0,851368.24,3940085.21,0,0
323105.08,0,0,378299.67,1567434.81,0,0
10782.94,0,0,100585,0,0,0
89962.11,0,0,157012.19,0,0,0
101940.14,0,0,105362,92307.65,0,0
163100.34,0,0,1078534.03,1178808.14,0,0
136030.66,0,0,136875.83,0,0,0
68912.23,0,0,237326.8,97263.78,0,0
73464.06,0,0,444779,4619798.56,0,0
106117.28,0,0,234216.94,51513.44,0,0
503333.79,0,0,553161.42,971418.91,0,0
71991.42,0,0,81682.58,557537.26,0,0
91379.93,0,0,1241634.38,1178808.14,0,0
26759.05,0,0,581853.1,2107965.39,0,0
128487.35,0,0,701404.75,1567434.81,0,0
252908.87,0,0,919763.4,1517262.16,0,0
64489.64,0,0,398424.59,16997.22,0,0
171369.73,0,0,1122370.94,3940085.21,0,0
4493.29,8258,3764.71,0,0,0,0
12121.5,97058,84936.5,0,0,0,0
2278.19,290,0,0,0,0,0
7707.44,99827,92119.56,0,0,0,0
4013.02,92119.56,88106.55,0,0,0,0
5775.15,132329,126553.85,0,0,0,0
4843.93,51718,46874.07,0,0,0,0
2397.82,20421,18023.18,0,0,0,0
4391.44,228,0,0,0,0,0
4497.87,107388,102890.13,19053,5417.23,0,0
7452.89,102397,94944.11,0,0,0,0
3930.81,6032,2101.19,0,0,0,0
71532.24,2101.19,0,74956,97128.19,0,0
61159.51,0,0,340334.22,51513.44,0,0
12401.9,0,0,349763,0,0,0
32702.61,0,0,253053,31469.78,0,0
6926.67,152927,146000.33,0,0,0,0
893.57,10676,9782.43,0,0,0,0
480222.51,11110,0,1293740.67,3940085.21,0,0
3608.41,11150,7541.59,0,0,0,0
5946.79,7541.59,1594.8,0,0,0,0
6099.96,42133,36033.04,0,0,0,0
372.34,65254,64881.66,0,0,0,0
4635.18,6313782.05,6309146.87,0,0,0,0
1267.97,6309146.87,6307878.9,0,0,0,0
6911.99,6307878.9,6300966.92,0,0,0,0
1795.67,6300966.92,6299171.25,0,0,0,0
3199.06,6299171.25,6295972.18,0,0,0,0
10265.17,6295972.18,6285707.02,0,0,0,0
9029.12,25480,16450.88,0,0,0,0
7600.57,50747,43146.43,0,0,0,0
2057.71,25132,23074.29,0,0,0,0
3823.08,10382,6558.92,0,0,0,0
2806,2806,0,0,0,1,0
2806,2806,0,26202,0,1,0
6737.2,624,0,0,0,0,0
9161.98,11128,1966.02,0,0,0,0
1239.06,396386,395146.94,0,0,0,0
365,319,0,0,0,0,0
5237.54,27105,21867.46,0,0,0,0
2618.76,21867.46,19248.7,0,0,0,0
339.82,12076,11736.18,0,0,0,0
1393.46,100068,98674.54,26446,318637.36,0,0
2731.37,17540,14808.63,0,0,0,0
8364.73,81,0,0,0,0,0
6598.71,16392,9793.29,0,0,0,0
4304.58,10708,6403.42,0,0,0,0
2867.14,943,0,0,0,0,0
2946.38,0,0,0,0,0,0
507.12,87005,86497.88,0,0,0,0
3020.86,50361,47340.14,0,0,0,0
8948.03,11137,2188.97,0,0,0,0
280877.92,2188.97,0,462914.23,16997.22,0,0
1084.9,13727,12642.1,0,0,0,0
9456.69,12642.1,3185.41,0,0,0,0
5812.36,3185.41,0,0,0,0,0
157883.07,46547,0,72793,353532.56,0,0
2734.77,4511,1776.23,0,0,0,0
102153.86,1776.23,0,230676.07,353532.56,0,0
584.52,15479,14894.48,0,0,0,0
6113.14,15629,9515.86,0,0,0,0
369989.2,9515.86,0,518243.06,4619798.56,0,0
215338.28,0,0,285755.61,31469.78,0,0
65521.42,0,0,93337.06,0,0,0
116977.58,0,0,191043.06,1363368.51,0,0
262392.36,0,0,457286.01,1186556.81,0,0
51121.05,0,0,308020.64,1363368.51,0,0
202624.59,0,0,1056495.21,971418.91,0,0
118235.16,0,0,332829.93,353532.56,0,0
118056.71,0,0,272906.49,0,0,0
498960.91,0,0,608612.15,2107965.39,0,0
691738.36,0,0,6285707.02,1.92E+07,0,0
58820.08,0,0,1107573.06,2107965.39,0,0
4419.04,52951,48531.96,0,0,0,0
4270.02,9516,5245.98,0,0,0,0
3007.83,49905,46897.17,0,0,0,0
1824.59,25138,23313.41,0,0,0,0
993.46,19448,18454.54,0,0,0,0
302693.14,18454.54,0,306239.03,97263.78,0,0
1445.06,10892,9446.94,0,0,0,0
4059.25,4186,126.75,0,0,0,0
3417.18,126.75,0,0,0,0,0
3428.95,147798,144369.05,1534657.01,5515763.34,0,0
5580.98,7781,2200.02,0,0,0,0
3455.85,3509,53.15,1333014.31,1178808.14,0,0
7265.63,14508,7242.37,0,0,0,0
3852.64,1449076.27,1445223.63,0,0,0,0
7870.29,1445223.63,1437353.34,0,0,0,0
12872.92,11197,0,51885,0,0,0
6675.34,10107,3431.66,0,0,0,0
410201.89,21448,0,61613,424250.45,0,0
13310.78,0,0,0,0,0,0
664.35,102983,102318.65,0,0,0,0
2130.3,10958,8827.7,0,0,0,0
7771.4,8827.7,1056.3,0,0,0,0
36349.35,1056.3,0,0,0,0,0
749.34,0,0,0,0,0,0
2340.34,0,0,0,0,0,0
9686.85,0,0,0,0,0,0
15785.85,0,0,0,0,0,0
9006.78,0,0,0,0,0,0
9014.95,0,0,0,0,0,0
14420.66,0,0,0,0,0,0
4802.31,0,0,0,0,0,0
28527.44,0,0,0,0,0,0
4182.93,0,0,0,0,0,0
4088.21,0,0,0,0,0,0
8491.9,0,0,0,0,0,0
6666.78,11876,5209.22,24777,189534.74,0,0
6536.86,17319,10782.14,0,0,0,0
40684.97,10782.14,0,49530,66575.5,0,0
1553.21,31516,29962.79,0,0,0,0
7344.92,0,0,185432,0,0,0
106267.21,0,0,241106.05,49864.36,0,0
5491.5,36605,31113.5,0,0,0,0
3666.42,48117,44450.58,0,0,0,0
5507.18,36030,30522.82,0,0,0,0
4565.14,30265,25699.86,829892.09,1567434.81,0,0
11348.71,734899,723550.29,0,0,0,0
123179.97,7215,0,12904.68,43691.09,0,0
7073.6,0,0,0,0,0,0
2803.83,0,0,0,0,0,0
106.81,0,0,0,0,0,0
6297.71,762,0,0,0,0,0
2610.01,58697.54,56087.54,0,0,0,0
5320.1,56087.54,50767.43,0,0,0,0
1460.63,1132,0,0,0,0,0
522264.81,24,0,11361,2025098.66,0,0
3584.21,135496,131911.79,100614.05,24044.18,0,0
3704.97,24553,20848.03,0,0,0,0
2773.61,14332,11558.39,0,0,0,0
3896.42,11558.39,7661.97,0,0,0,0
18781.84,7661.97,0,0,0,0,0
6660.33,17710,11049.67,0,0,0,0
26923.42,11049.67,0,199404.91,95508.95,0,0
53783.57,0,0,75514,420946.86,0,0
80333.28,0,0,321592.98,277515.05,0,0
211075.91,0,0,930082.81,1254956.07,0,0
100677.86,0,0,701567.56,55974.56,0,0
473499.51,0,0,883248.39,3461666.05,0,0
1538200.39,0,0,6977445.38,1.92E+07,0,0
2421578.09,0,0,8515645.77,1.92E+07,0,0
1349670.68,0,0,1538085.96,5515763.34,0,0
314403.14,0,0,888232.25,4619798.56,0,0
1457213.54,0,0,1.09E+07,1.92E+07,0,0
180368.84,0,0,1437353.34,16518.36,0,0
445038.71,0,0,802245.42,55974.56,0,0
1123206.66,0,0,1773963.18,3940085.21,0,0
996,46132,45136,88106.55,1015132.48,0,0
176334.26,45136,0,1251626.46,2107778.11,0,0
161217.61,0,0,199733,5602234.95,0,0
108443.61,0,0,246974.3,0,0,0
75442.68,0,0,80469,500631.71,0,0
55536.86,0,0,915902.37,3420103.09,0,0
438437.09,0,0,740675.45,6453430.91,0,0
928722.69,0,0,1259119.8,971418.91,0,0
1478772.04,0,0,1652668.12,22190.99,0,0
2545478.01,0,0,1.24E+07,1.92E+07,0,0
2061082.82,0,0,1.49E+07,1.92E+07,0,0
983479.66,0,0,3131440.16,22190.99,0,0
635507.97,0,0,834457.23,1567434.81,0,0
848231.57,0,0,4114919.82,22190.99,0,0
739112.93,0,0,1141158.73,1254956.07,0,0
324397.94,0,0,373058.79,2719172.89,0,0
982862.81,0,0,2187842.49,971418.91,0,0
955855,0,0,1179112.54,6453430.91,0,0
179253.24,0,0,179614.1,46462.23,0,0
5446.88,666,0,0,0,0,0
648.64,873,224.36,0,0,0,0
8494.71,11129,2634.29,0,0,0,0
373068.26,20034,0,1427960.73,2107778.11,0,0
143236.26,0,143236.26,608932.17,97263.78,0,0
228451.89,143236.26,371688.15,719678.38,1186556.81,0,0
35902.49,371688.15,407590.65,49003.3,0,0,0
232953.64,407590.65,640544.28,1172672.27,1517262.16,0,0
65912.95,640544.28,706457.23,104198.26,24044.18,0,0
193492.68,706457.23,899949.91,1247284.13,55974.56,0,0
60836.64,899949.91,960786.56,143436,5203.54,0,0
62325.15,960786.56,1023111.71,1880271.66,1254956.07,0,0
349640.51,1023111.71,1372752.22,360950.61,5602234.95,0,0
135324.19,1372752.22,1508076.41,1356747.89,3461666.05,0,0
380015.14,1508076.41,1888091.55,1336470.16,1178808.14,0,0
418688.27,1888091.55,2306779.82,956455.03,1178808.14,0,0
311023.52,2306779.82,2617803.34,1477776.96,0,0,0
151862.38,2617803.34,2769665.72,158858.48,0,0,0
228710.05,2769665.72,2998375.78,743792.14,16997.22,0,0
220431.09,2998375.78,3218806.87,2897169.84,3940085.21,0,0
182861.45,3218806.87,3401668.32,192776.92,0,0,0
231881.5,3401668.32,3633549.82,894141.72,2415.16,0,0
38071.17,3633549.82,3671620.98,122487,54985.05,0,0
87117.29,3671620.98,3758738.27,501093.89,31469.78,0,0
114271.72,3758738.27,3873009.99,3170705.3,971418.91,0,0
73199.1,3873009.99,3946209.08,401926.25,277515.05,0,0
764772.98,3946209.08,4710982.07,3056433.58,971418.91,0,0
106847.36,4710982.07,4817829.42,335711.51,52415.15,0,0
6287.28,4817829.42,4824116.71,11274,0,0,0
24936.34,4824116.71,4849053.05,104408,42450.71,0,0
55837.16,4849053.05,4904890.21,66800.82,10963.66,0,0
63255.29,4904890.21,4968145.5,237735.3,0,0,0
104605.78,4968145.5,5072751.28,207302.14,92307.65,0,0
154160.82,5072751.28,5226912.1,157376,0,0,0
257348.03,5226912.1,5484260.13,2291660.6,971418.91,0,0
201073.81,5484260.13,5685333.94,537766.76,1178808.14,0,0
53560.68,5685333.94,5738894.62,172857.68,22233.65,0,0
334234.39,5738894.62,6073129.01,358867.35,46462.23,0,0
227335.16,6073129.01,6300464.17,1817946.5,1254956.07,0,0
134426.08,6300464.17,6434890.26,228864.16,52415.15,0,0
2643.45,6434890.26,6437533.71,49974,1891.79,0,0
134977.11,6437533.71,6572510.82,471814.89,424250.45,0,0
25090.03,6572510.82,6597600.85,80148.6,0,0,0
147388.67,6597600.85,6744989.53,184486.01,64106.18,0,0
217615.09,6744989.53,6962604.61,971439.24,3420103.09,0,0
355294.5,6962604.61,7317899.11,1469965.2,1567434.81,0,0
12336.48,7317899.11,7330235.59,21024,83845.22,0,0
349505.89,7330235.59,7679741.48,1.70E+07,1.92E+07,0,0
285185.34,7679741.48,7964926.82,451065.09,353532.56,0,0
132953.45,7964926.82,8097880.27,1617722.17,16518.36,0,0
214851.41,8097880.27,8312731.68,939718.63,1517262.16,0,0
54988.56,8312731.68,8367720.25,60870,1.06E+07,0,0
62871.06,8367720.25,8430591.3,177707.91,4894.45,0,0
61150.85,8430591.3,8491742.16,1166393.13,2107965.39,0,0
131409.27,8491742.16,8623151.43,290276.03,265092.36,0,0
10844.33,8623151.43,8633995.76,42274,290772.6,0,0
2054.84,22195,20140.16,0,0,0,0
313373.56,20140.16,333513.72,2034312.57,971418.91,0,0
13289.87,333513.72,346803.59,78256.1,0,0,0
27070.11,346803.59,373873.7,70595,122750.49,0,0
127954.7,373873.7,501828.4,1590611.34,1254956.07,0,0
197031.04,501828.4,698859.44,515082.09,16997.22,0,0
144366.64,698859.44,843226.08,1720939.01,971418.91,0,0
7965.49,843226.08,851191.57,35100.09,40348.79,0,0
123103.74,851191.57,974295.31,541942.24,46820.71,0,0
106634.77,974295.31,1080930.07,4963151.39,22190.99,0,0
74933.22,1080930.07,1155863.3,1312918.22,1412484.09,0,0
120234.99,1155863.3,1276098.29,194026.33,965870.05,0,0
5763.99,1276098.29,1281862.28,24632.95,46462.23,0,0
156922.36,1281862.28,1438784.65,2887756.64,5515763.34,0,0
162665.98,1438784.65,1601450.63,362164.9,0,0,0
110226.34,1601450.63,1601450.63,1601450.63,1.07E+07,0,0
142577.44,1601450.63,1744028.07,174480.01,0,0,0
6915.38,1744028.07,1750943.45,49685,0,0,0
157108.01,1750943.45,1908051.46,1576572.37,971418.91,0,0
223555.14,1908051.46,2131606.6,1462656.64,1254956.07,0,0
146331.12,2131606.6,2277937.72,1053791.45,55974.56,0,0
141131.23,2277937.72,2419068.96,1419464.36,971418.91,0,0
222711.47,2419068.96,2641780.43,1.67E+07,1.92E+07,0,0
84980.31,2641780.43,2726760.74,165879.75,353532.56,0,0
628719.07,2726760.74,3355479.81,1484768.73,16518.36,0,0
79285.8,3355479.81,3434765.61,4856516.62,22190.99,0,0
57809.81,3434765.61,3492575.42,59666,0,0,0
75043.17,3492575.42,3567618.59,156547,0,0,0
248196.92,3567618.59,3815815.51,318051.05,16997.22,0,0
18851.44,3815815.51,3834666.95,47330.55,1891.79,0,0
403418.39,3834666.95,4238085.34,1801028.99,2107778.11,0,0
235564.81,4238085.34,4473650.15,2676738.75,3940085.21,0,0
32325.24,4473650.15,4505975.39,158866.76,265092.36,0,0
345347.7,4505975.39,4851323.08,355417.92,0,0,0
355500.25,4851323.08,5206823.33,1166753.44,0,0,0
103005.78,5206823.33,5309829.12,114836.85,4894.45,0,0
108803.98,5309829.12,5418633.09,811253.19,0,0,0
259753.27,5418633.09,5678386.36,260112.48,0,0,0
234094.24,5678386.36,5912480.6,1278333.12,971418.91,0,0
273305.73,5912480.6,6185786.33,1237985,1412484.09,0,0
186838.95,6185786.33,6372625.28,418838.5,46820.71,0,0
193161.04,6372625.28,6565786.32,2441173.94,3940085.21,0,0
152823.85,6565786.32,6718610.17,1202635.39,4619798.56,0,0
91457.82,6718610.17,6810067.99,662260.23,2415.16,0,0
277807.48,6810067.99,7087875.47,907460.33,55974.56,0,0
8679.13,7087875.47,7096554.61,94438.08,52415.15,0,0
2099.59,7096554.61,7098654.2,40471.79,0,0,0
221693.08,7098654.2,7320347.28,629652.85,55974.56,0,0
206097.65,7320347.28,7526444.93,1239101.5,1254956.07,0,0
22384.21,7526444.93,7548829.13,42211,387263.02,0,0
73210.99,7548829.13,7622040.12,79582.64,96.88,0,0
236747.6,7622040.12,7858787.73,390963.21,0,0,0
6284.18,7858787.73,7865071.9,328727.16,277515.05,0,0
100198.77,7865071.9,7965270.68,336837.78,424250.45,0,0
160347.32,7965270.68,8125617.99,724867.22,1517262.16,0,0
289272.75,8125617.99,8414890.75,413976.6,31469.78,0,0
63189.26,8414890.75,8478080,101925,0,0,0
196725.32,8478080,8674805.32,2248012.9,3940085.21,0,0
5882.32,10252,4369.68,0,0,0,0
625.92,30165,29539.08,1042,0,0,0
5937.72,21779,15841.28,0,0,0,0
9796.29,274658,264861.71,0,0,0,0
13449.95,11080,0,0,0,0,0
4749.6,8038,3288.4,0,0,0,0
6460.86,31009,24548.14,0,0,0,0
3605.26,10120,6514.74,0,0,0,0
624.61,52594,51969.39,0,0,0,0
3854.92,9241,5386.08,0,0,0,0
420532.33,5386.08,0,614566.02,0,0,0
4402.86,4469,66.14,0,0,0,0
147804.02,66.14,0,158919,23508.22,0,0
151.2,1904,1752.8,0,0,0,0
58.21,14506,14447.79,0,0,0,0
5936.82,741,0,0,0,0,0
145944.67,24376,0,222,46393.85,0,0
7206.33,24932,17725.67,21308,18161.79,0,0
5581.55,530,0,55058.57,0,0,0
5853.21,5039,0,20018,4891090.56,0,0
2528.1,5037,2508.9,0,0,0,0
5655.17,9522,3866.83,0,0,0,0
1456.09,101018,99561.91,0,0,0,0
4252.82,5545,1292.18,0,0,0,0
276460.62,595,0,1105242.28,2107965.39,0,0
8811.67,30848,22036.33,0,0,0,0
12666.68,891,0,0,0,0,0
95636.49,0,0,359141.7,1363368.51,0,0
195314.34,0,0,491226.48,1186556.81,0,0
6049.09,1,0,0,0,0,0
14306.8,0,0,0,0,0,0
1117.34,35611,34493.66,0,0,0,0
3179.7,124703.85,121524.14,20767,0,0,0
2880.68,121524.14,118643.46,0,0,0,0
3060.54,118643.46,115582.92,0,0,0,0
879.42,115582.92,114703.5,0,0,0,0
3486.78,114703.5,111216.72,0,0,0,0
21530.96,111216.72,89685.77,0,0,0,0
2426.31,89685.77,87259.46,0,0,0,0
5110.1,87259.46,82149.35,0,0,0,0
207.75,82149.35,81941.6,0,0,0,0
18437.04,81941.6,63504.55,0,0,0,0
8690.69,63504.55,54813.86,0,0,0,0
4946.03,54813.86,49867.83,0,0,0,0
5432.09,49867.83,44435.75,0,0,0,0
7649.41,44435.75,36786.34,0,0,0,0
3943.17,36786.34,32843.16,0,0,0,0
3101.33,32843.16,29741.84,0,0,0,0
51719.13,882,0,59670,15375.37,0,0
13465.91,0,0,0,0,0,0
19561.05,0,0,0,0,0,0
9762.28,129,0,0,0,0,0
9778.81,18824,9045.19,0,0,0,0
562903.81,9045.19,0,564519.9,1517262.16,0,0
5055.94,30295,25239.06,0,0,0,0
2858.89,21820,18961.11,0,0,0,0
8531.42,18961.11,10429.69,0,0,0,0
84.22,25828,25743.78,0,0,0,0
227478.01,25743.78,0,1.64E+07,1.92E+07,0,0
5033.02,23946.7,18913.68,0,0,0,0
100588.8,18913.68,0,105223,0,0,0
9374.72,21064,11689.28,0,0,0,0
598.24,102631,102032.76,0,0,0,0
4531.55,20125,15593.45,0,0,0,0
2998.2,15593.45,12595.25,0,0,0,0
9269.99,12595.25,3325.26,0,0,0,0
1209.64,3325.26,2115.61,0,0,0,0
1298.7,2115.61,816.91,0,0,0,0
7797,816.91,0,0,0,0,0
5831.03,0,0,0,0,0,0
7067.9,0,0,0,0,0,0
14895.51,0,0,0,0,0,0
3316.21,0,0,0,0,0,0
22276,0,0,0,0,0,0
16505.51,0,0,0,0,0,0
636.95,0,0,0,0,0,0
2056.59,0,0,0,0,0,0
704.74,0,0,0,0,0,0
3222.32,0,0,0,0,0,0
11889.61,0,0,0,0,0,0
9491.89,0,0,0,0,0,0
6131.21,0,0,0,0,0,0
11938.61,0,0,0,0,0,0
4233.45,0,0,0,0,0,0
32643.79,0,0,0,0,0,0
622.15,14112.8,13490.65,0,0,0,0
4573.12,13490.65,8917.54,0,0,0,0
6057.8,6996.1,938.3,0,0,0,0
5770.32,938.3,0,0,0,0,0
9152.97,0,0,0,0,0,0
12154.7,39699,27544.3,2051287.58,3940085.21,0,0
8378.01,80899.44,72521.43,0,0,0,0
9616.45,72521.43,62904.98,0,0,0,0
2231.28,12998,10766.72,0,0,0,0
4932.54,136555,131622.46,0,0,0,0
65413.89,131622.46,197036.35,144605,0,0,0
98560.08,197036.35,295596.43,167719.89,63112.23,0,0
15054.61,295596.43,310651.04,33340,185389.8,0,0
161632.16,310651.04,472283.2,1044238.89,971418.91,0,0
47529.19,472283.2,519812.39,856049.65,16518.36,0,0
9577.45,519812.39,529389.85,32204,22774.25,0,0
414238.59,529389.85,943628.44,808520.46,16518.36,0,0
89327.65,943628.44,1032956.09,2063442.28,3940085.21,0,0
194900.16,1032956.09,1227856.25,8633995.76,1.25E+07,0,0
24470.43,1227856.25,1252326.68,1381702.9,2107965.39,0,0
217668.38,1252326.68,1469995.06,347373.26,49864.36,0,0
9067.51,1469995.06,1479062.57,306723.02,23508.22,0,0
336827.91,1479062.57,1815890.48,401493.73,51513.44,0,0
45317.95,1815890.48,1861208.43,99578.86,0,0,0
230021.01,1861208.43,2091229.45,4777230.82,22190.99,0,0
154578.28,2091229.45,2245807.73,1033003.86,1254956.07,0,0
314134.01,2245807.73,2559941.74,570802.41,2415.16,0,0
206405.92,2559941.74,2766347.65,1221423.7,3461666.05,0,0
158995.29,2766347.65,2925342.94,8674805.32,1.07E+07,0,0
188238.54,2925342.94,3113581.47,702449.21,0,0,0
21255.8,3113581.47,3134837.27,52109,0,0,0
205955.77,3134837.27,3340793.04,465695.91,97263.78,0,0
178370.36,3340793.04,3519163.4,1.67E+07,1.92E+07,0,0
42547.96,3519163.4,3561711.36,59693,9672.67,0,0
15152.15,3561711.36,3576863.51,8439095.6,1.25E+07,0,0
39249.67,3576863.51,3616113.18,64966.23,0,0,0
101669.17,3616113.18,3717782.35,533625.81,2025098.66,0,0
81694.11,3717782.35,3799476.47,686540.82,1186556.81,0,0
10266.7,3799476.47,3809743.17,104323,69756.86,0,0
35502.25,3809743.17,3845245.42,41159,0,0,0
183250,3845245.42,4028495.42,231999.55,46820.71,0,0
219220.21,4028495.42,4247715.63,1974114.63,3940085.21,0,0
254895.5,4247715.63,4502611.13,256668.41,2415.16,0,0
143148.97,4502611.13,4645760.1,4547209.8,22190.99,0,0
132457.52,4645760.1,4778217.62,8423943.45,1.25E+07,0,0
148834.28,4778217.62,4927051.9,514210.68,0,0,0
106727.81,4927051.9,5033779.71,2730834.27,5515763.34,0,0
223123.71,5033779.71,5256903.42,394281.87,16518.36,0,0
194311.34,5256903.42,5451214.77,1127423.71,1517262.16,0,0
338964.91,5451214.77,5790179.68,365376.39,0,0,0
247575.4,5790179.68,6037755.07,8291485.93,1.25E+07,0,0
29467.02,6037755.07,6067222.09,322442.98,277515.05,0,0
90340.16,6067222.09,6157562.25,1.65E+07,1.92E+07,0,0
198847.32,6157562.25,6356409.58,964679.26,1412484.09,0,0
155075.41,6356409.58,6511484.99,1035098.36,0,0,0
76932.89,6511484.99,6588417.88,765831.94,1412484.09,0,0
92971.79,6588417.88,6681389.66,111367.94,0,0,0
7322.98,6681389.66,6688712.64,64966,57643.02,0,0
222126.95,6688712.64,6910839.59,1397610.6,2107778.11,0,0
62983.91,6910839.59,6973823.5,454778.18,1363368.51,0,0
1271.77,6973823.5,6975095.27,697456.73,2719172.89,0,0
246816.65,6975095.27,7221911.92,933112.37,1517262.16,0,0
21898.97,7221911.92,7243810.89,1114670.7,1567434.81,0,0
30811.56,7243810.89,7274622.45,152178,651524.92,0,0
100275.09,7274622.45,7374897.54,878425.58,1254956.07,0,0
46630.53,7374897.54,7421528.07,604846.71,1186556.81,0,0
158775.58,7421528.07,7580303.64,688899.05,1412484.09,0,0
90556.08,7580303.64,7670859.72,186372.86,8496.61,0,0
173948.89,7670859.72,7844808.61,391794.27,1363368.51,0,0
66216.71,7844808.61,7911025.32,117785.88,9940339.29,0,0
216133.99,7911025.32,8127159.31,1092771.73,1567434.81,0,0
371883.82,8127159.31,8499043.13,880022.94,0,0,0
770537.37,8499043.13,8499043.13,8499043.13,1.69E+07,0,0
71275.47,8499043.13,8570318.6,136084.66,43691.09,0,0
336298.77,8570318.6,8906617.38,1049811.54,4619798.56,0,0
317393.38,8906617.38,9224010.75,1175483.65,2107778.11,0,0
181002.01,9224010.75,9405012.76,292975.96,277515.05,0,0
311449.38,9405012.76,9716462.14,713512.77,4619798.56,0,0
270824.42,9716462.14,9987286.56,8515810.04,1.07E+07,0,0
1449.03,80983,79533.97,0,0,0,0
3551.48,1015017.79,1011466.31,0,0,0,0
227768.63,1011466.31,783697.68,530123.48,1412484.09,0,0
172986.7,783697.68,610710.98,686295.71,1517262.16,0,0
4940.2,48005,43064.8,0,0,0,0
2755.96,20987,18231.04,0,0,0,0
8807.01,139428,130620.99,64809.18,43691.09,0,0
3111.86,64665.82,61553.96,10070.22,0,0,0
10040.52,61553.96,51513.44,0,0,0,0
5363,21260,15897,24765.26,18910.85,0,0
11990.19,885,0,0,0,0,0
266.88,4182,3915.12,0,0,0,0
1928.55,5096,3167.45,0,0,0,0
10648.06,37419,26770.94,0,0,0,0
962.43,26770.94,25808.5,0,0,0,0
8348.1,16583,8234.9,0,0,0,0
6969.67,61091,54121.33,0,0,0,0
20128,20128,0,0,0,1,0
20128,20128,0,6268,12145.85,1,0
154.87,9339,9184.13,0,0,0,0
4040.84,1938,0,51339,36757.68,0,0
6490.17,548504,542013.83,0,0,0,0
1101.09,30858,29756.91,0,0,0,0
4347.78,20766,16418.22,407959.76,55974.56,0,0
213922.13,16418.22,0,431956.63,2025098.66,0,0
83859.59,0,0,1.64E+07,1.92E+07,0,0
33269.25,0,0,111389.13,15375.37,0,0
51749.94,0,0,62470,132842.64,0,0
86410.3,0,0,757892.11,1412484.09,0,0
10856.63,0,0,217845.38,1363368.51,0,0
161613.93,0,0,402063.39,4619798.56,0,0
244361.81,0,0,859282.41,1517262.16,0,0
596617.87,0,0,645878.76,2025098.66,0,0
108600.78,0,0,146488.24,97128.19,0,0
377520.94,0,0,563677.32,4619798.56,0,0
60758.42,0,0,155911.68,500631.71,0,0
86204.31,0,0,941198.26,4619798.56,0,0
1234,0,0,29906,7550.03,0,0
18288.91,0,0,858090.28,2107778.11,0,0
248979.22,0,0,1103644.22,1517262.16,0,0
126774.5,0,0,1242496.63,2025098.66,0,0
38428.19,0,0,43524.89,122750.49,0,0
109732.52,0,0,8244985.62,1.07E+07,0,0
17851.54,0,0,32353,0,0,0
5223.97,0,0,10429.69,23568.91,0,0
63807.17,0,0,558216.18,1186556.81,0,0
406297.68,0,0,882606.73,971418.91,0,0
4779.93,121,0,0,0,0,0
16631.14,0,0,89102.55,1015132.48,0,0
2771.16,60721,57949.84,0,0,0,0
3154.06,24239,21084.94,0,0,0,0
7813.63,21084.94,13271.31,0,0,0,0
360.13,38939,38578.87,0,0,0,0
431381.17,40481,0,55566,3554299.27,0,0
43670.84,0,0,79331.08,215851.28,0,0
7342.63,19443,12100.37,0,0,0,0
7417.09,843,0,0,0,0,0
8865.26,84415.83,75550.57,0,0,0,0
213490.87,75550.57,0,508139.13,0,0,0
7444.4,31902.57,24458.17,0,0,0,0
287265.38,24458.17,0,486947.17,3554299.27,0,0
416001.33,0,0,102,9291619.62,1,0
6432.26,0,0,0,0,0,0
8690.86,29772,21081.14,0,0,0,0
3791.28,32463,28671.72,0,0,0,0
4111.34,128052,123940.66,0,0,0,0
7163.9,114219.94,107056.04,0,0,0,0
6557.51,107056.04,100498.52,0,0,0,0
17348.25,100498.52,83150.27,0,0,0,0
1586.28,83150.27,81564,0,0,0,0
6811.97,81564,74752.02,0,0,0,0
36651.07,74752.02,38100.95,0,0,0,0
4804.68,38100.95,33296.27,0,0,0,0
19375.5,33296.27,13920.76,0,0,0,0
13833.75,13920.76,87.01,0,0,0,0
21008.52,87.01,0,0,0,0,0
22043.92,0,0,0,0,0,0
32635.14,0,0,0,0,0,0
11438.39,0,0,0,0,0,0
13527.16,0,0,0,0,0,0
11881.78,0,0,0,0,0,0
9805.46,0,0,0,0,0,0
9470.85,0,0,0,0,0,0
20560.86,0,0,0,0,0,0
13679.84,0,0,0,0,0,0
15448,0,0,0,0,0,0
1987.4,0,0,0,0,0,0
4145.04,97168,93022.96,0,0,0,0
3511.45,11310,7798.55,0,0,0,0
1118.1,9041,7922.9,0,0,0,0
15.06,204682,204666.94,0,0,0,0
352568.35,9945,362513.35,2624106.46,5515763.34,0,0
3043.27,36369,33325.73,0,0,0,0
9758.09,21217,11458.91,0,0,0,0
5924.89,1518,0,0,0,0,0
9550.43,4021,0,0,0,0,0
4355.66,120,0,0,0,0,0
6973.12,50015,43041.88,81953.08,122750.49,0,0
2358.63,70824,68465.37,0,0,0,0
374.36,15237,14862.64,62904.98,353532.56,0,0
8946.63,95066,86119.37,0,0,0,0
20573.4,24641,4067.6,0,0,0,0
8358.12,293,0,0,0,0,0
1006.76,696008,695001.24,0,0,0,0
10498.05,16730,6231.95,0,0,0,0
463722.76,349,0,18285.39,185389.8,0,0
138857.19,109473,0,1027402.57,4619798.56,0,0
5184.9,283509,278324.1,0,0,0,0
3626.96,23506,19879.04,0,0,0,0
282.42,30603,30320.58,0,0,0,0
8703.54,137782,129078.46,63279.34,353532.56,0,0
3673.1,30507,26833.9,0,0,0,0
9800.58,12617.16,2816.58,0,0,0,0
88987.11,2816.58,0,696184.96,2719172.89,0,0
4227.19,36054,31826.81,0,0,0,0
2881.51,90250,87368.49,0,0,0,0
4376.46,9809,5432.54,0,0,0,0
11656.12,10181,0,0,0,0,0
345698.98,40419,0,20489.94,157982.12,0,0
3292.21,20484,17191.79,0,0,0,0
7367.06,14528,7160.94,0,0,0,0
2937.34,19703,16765.66,0,0,0,0
1150.14,21634,20483.86,15653.66,23568.91,0,0
3563.36,185397,181833.64,0,0,0,0
2380.46,101428,99047.54,0,0,0,0
2266.02,64757.92,62491.91,0,0,0,0
32132.45,62491.91,30359.46,59605,0,0,0
51627.39,30359.46,0,81243,32092.07,0,0
62073.54,0,0,228702.01,1363368.51,0,0
13614.91,0,0,30195,0,0,0
2290.73,0,0,79471.66,42450.71,0,0
637161,0,0,1166259.76,4619798.56,0,0
639378.37,0,0,753824.15,3420103.09,0,0
34390.85,0,0,90214.97,66575.5,0,0
1867849.02,0,0,2271538.11,5515763.34,0,0
1193410.46,0,0,1.65E+07,1.92E+07,0,0
348186.2,0,0,774212.55,3554299.27,0,0
1440296.14,0,0,1.77E+07,1.92E+07,0,0
799483.57,0,0,1122398.75,3554299.27,0,0
969631.31,0,0,2134967.54,6453430.91,0,0
483544.3,0,0,876379.19,2107778.11,0,0
326349.91,0,0,778150.49,1254956.07,0,0
7546.88,51368,43821.12,11353,252055.24,0,0
2469.75,43821.12,41351.37,0,0,0,0
1741.24,80942,79200.76,366188.92,157982.12,0,0
553.25,7522,6968.75,0,0,0,0
6606.31,6968.75,362.44,0,0,0,0
2075.94,110403,108327.06,0,0,0,0
84212.94,53199,0,0,84212.94,0,0
312108.51,0,0,8043910.53,1.25E+07,0,0
1647.93,70889,69241.07,0,0,0,0
3533.32,38211,34677.68,0,0,0,0
7659.86,544,0,0,0,0,0
7203.07,290775.55,283572.48,0,0,0,0
116206.75,283572.48,167365.73,216670.1,500631.71,0,0
30331.38,167365.73,137034.36,105733.69,1015132.48,0,0
2063.77,16064,14000.23,0,0,0,0
3035.35,26657,23621.65,0,0,0,0
123797.1,23621.65,0,153674.01,557537.26,0,0
8233.25,7024,0,14673,12901.08,0,0
2271.34,31346,29074.66,0,0,0,0
3801.74,73616.2,69814.46,0,0,0,0
1530.83,69814.46,68283.63,0,0,0,0
4833.96,41005,36171.04,0,0,0,0
5842.61,40,0,0,0,0,0
2871.89,653,0,0,0,0,0
5297.36,82134,76836.64,31443.78,189534.74,0,0
621561.65,123122,0,0,3997768.55,0,0
829.07,11199,10369.93,0,0,0,0
3418.07,260,0,0,0,0,0
41924.75,0,0,132870.39,32092.07,0,0
173597.57,0,0,3104598.86,6453430.91,0,0
77642.84,0,0,416103.33,9291619.62,0,0
144964.23,0,0,785172.07,2719172.89,0,0
94038.9,0,0,136065.07,1015132.48,0,0
26051.33,0,0,28479.11,1891.79,0,0
134143.27,0,0,1754894.42,3940085.21,0,0
497424.19,0,0,930136.3,2719172.89,0,0
607616.73,0,0,1359923.49,2107778.11,0,0
681093.57,0,0,844302.4,1412484.09,0,0
114057.61,0,0,1427560.49,2719172.89,0,0
205279.62,0,0,1541618.1,2719172.89,0,0
173512.93,0,0,8354718.14,1.07E+07,0,0
166817.98,0,0,721630,0,0,0
113283.13,0,0,123001.91,215851.28,0,0
179030.05,0,0,1357232.47,2107965.39,0,0
94332,0,0,621561.65,3997768.55,0,0
141111.15,0,0,622023.34,1186556.81,0,0
45756.23,0,0,1393202.52,3420103.09,0,0
6039.61,0,0,31164,37203.61,0,0
46261.02,0,0,85758.95,52415.15,0,0
312471.16,0,0,1803420.75,4619798.56,0,0
195490.04,0,0,1104500.4,1254956.07,0,0
107308.84,0,0,124605.82,66575.5,0,0
48252.82,0,0,1889037.69,3940085.21,0,0
25674.03,0,0,30563,6830.83,0,0
63830.49,0,0,412307.54,55974.56,0,0
96178.8,0,0,111973.96,277515.05,0,0
155122.86,0,0,367930.17,157982.12,0,0
171757.76,0,0,205811.8,0,0,0
8809.04,0,0,137034.36,1363368.51,0,0
27320.2,0,0,79191.11,0,0,0
517915.91,0,0,4404060.84,22190.99,0,0
34629.16,0,0,38735.74,0,0,0
94296.25,0,0,336692.95,1178808.14,0,0
285360.06,0,0,715893.66,3997768.55,0,0
161445.91,0,0,277471.11,557537.26,0,0
386683.04,0,0,1352623.44,1517262.16,0,0
169854.57,0,0,8528231.07,1.07E+07,0,0
126167.7,0,0,3278196.43,6453430.91,0,0
152757.58,0,0,8356019.04,1.25E+07,0,0
49661.18,0,0,1937290.51,3940085.21,0,0
73513.5,0,0,236639,424250.45,0,0
166335.32,0,0,1739306.48,1517262.16,0,0
234268.82,0,0,310152.51,424250.45,0,0
306280.12,0,0,1536262.52,2107965.39,0,0
194620.68,0,0,610710.98,3461666.05,0,0
128278.74,0,0,8508776.62,1.25E+07,0,0
256773.54,0,0,888447.97,0,0,0
105759.12,0,0,332876.84,500631.71,0,0
59390.46,0,0,73791.34,965870.05,0,0
131991.26,0,0,1145221.51,0,0,0
65025.3,0,0,133181.81,965870.05,0,0
82054.36,0,0,174795.14,32092.07,0,0
69708.79,0,0,71982.88,353532.56,0,0
9104.26,0,0,10623,19727.26,0,0
92553.64,0,0,297655.51,23508.22,0,0
66312.08,0,0,544421.33,424250.45,0,0
142282.63,0,0,805331.66,3461666.05,0,0
114499.14,0,0,129297.57,420946.86,0,0
76635.24,0,0,102696.35,92307.65,0,0
132574,0,0,198207.11,965870.05,0,0
39485.21,0,0,9987286.56,1.69E+07,0,0
236825.42,0,0,243796.7,420946.86,0,0
327066.19,0,0,947614.29,3461666.05,0,0
156819.6,0,0,438635.96,500631.71,0,0
13136.44,0,0,1525395.97,1412484.09,0,0
4306.89,256849.49,252542.6,0,0,0,0
8309.52,252542.6,244233.08,0,0,0,0
5363.35,81503.83,76140.48,0,0,0,0
132.42,76140.48,76008.06,0,0,0,0
19644.08,76008.06,56363.98,0,0,0,0
895.24,56363.98,55468.74,0,0,0,0
7641.08,55468.74,47827.66,0,0,0,0
31188.22,47827.66,16639.44,0,0,0,0
13954.75,16639.44,2684.69,0,0,0,0
10497.33,2684.69,0,0,0,0,0
5843.75,0,0,0,0,0,0
7260.2,0,0,0,0,0,0
10285.86,0,0,0,0,0,0
6249.78,0,0,0,0,0,0
848.74,0,0,0,0,0,0
6993.7,0,0,0,0,0,0
795.29,10360,9564.71,0,0,0,0
9191.46,0,0,0,0,0,0
132038.41,0,0,230103.96,1015132.48,0,0
6495.27,22040,15544.73,0,0,0,0
1679.68,15544.73,13865.06,0,0,0,0
47477.97,6066,0,144658.38,15375.37,0,0
1260.62,1483,222.38,10086,9837.06,0,0
15034.23,40458,25423.77,0,0,0,0
3238.39,28773,25534.61,0,0,0,0
251241.14,25534.61,0,523053.03,157982.12,0,0
3644.12,1230,0,0,0,0,0
283123.48,497409,214285.52,16872,247063.16,0,0
2851.83,10646,7794.17,0,0,0,0
94726.64,69854.13,164580.77,129704.88,49864.36,0,0
17020.69,164580.77,147560.08,0,0,0,0
6523.19,147560.08,141036.89,0,0,0,0
1383.56,5309,3925.44,0,0,0,0
1580.66,31156,29575.34,12298,0,0,0
2466.95,34978.24,32511.29,0,0,0,0
1017.85,32511.29,31493.45,0,0,0,0
2270.41,60640.12,58369.71,0,0,0,0
102265.88,58369.71,0,1438958.75,3420103.09,0,0
13758.63,29858,16099.37,21305,0,0,0
5221.77,1046,6267.77,0,139555.44,0,0
12256.66,20800,8543.34,0,0,0,0
8227.3,6207,0,0,0,0,0
527.15,72421,71893.85,0,0,0,0
950.25,204944,203993.75,0,0,0,0
12728.46,83636,70907.54,0,0,0,0
1002.96,8325,7322.04,0,0,0,0
6917.1,13555,6637.9,0,0,0,0
1977.17,43619,41641.83,0,0,0,0
9314.84,104536,95221.16,0,0,0,0
1157.05,52867,51709.95,0,0,0,0
3766.99,16600,12833.01,146166.67,46393.85,0,0
3464.41,5548,2083.59,0,0,0,0
68662.06,2083.59,0,145843.39,1363368.51,0,0
8679.29,150592,141912.71,21056,0,0,0
15266.05,13679,0,0,0,0,0
8348.75,0,0,0,0,0,0
8419.73,0,0,0,0,0,0
6688.74,9207,2518.26,0,0,0,0
1979.94,82034,80054.06,0,0,0,0
9574.31,52463,42888.69,0,0,0,0
5287.68,11424,6136.32,0,0,0,0
10627.18,6136.32,0,0,0,0,0
5809.78,99884,94074.22,0,0,0,0
411363.54,39951,0,52170,60738.03,0,0
4086.5,0,0,0,0,0,0
19741.22,81762.38,62021.17,0,0,0,0
5270.72,62021.17,56750.45,0,0,0,0
55827.09,9907,65734.09,19873,1268668.92,0,0
174068.82,65734.09,0,1905641.8,1517262.16,0,0
1277212.77,1277212.77,0,0,0,1,0
1277212.77,1277212.77,0,0,2444985.19,1,0
24105.5,144,24249.5,20875,0,0,0
6854.06,19853,12998.94,0,0,0,0
111899.09,12998.94,0,1.00E+07,1.69E+07,0,0
1231.79,20792,19560.21,0,0,0,0
3380.1,19560.21,16180.11,0,0,0,0
2869.65,8768,5898.35,15485,5484.37,0,0
1658.87,16543,14884.13,0,0,0,0
823.36,14884.13,14060.77,0,0,0,0
7541.47,14060.77,6519.3,0,0,0,0
3635.93,106929,103293.07,95816.79,8496.61,0,0
1328.59,14469,13140.41,0,0,0,0
56145.85,21528,0,5075,33008.44,0,0
973.18,10762,9788.82,0,0,0,0
619.24,31960,31340.76,0,0,0,0
300.41,39167,38866.59,48749.55,46820.71,0,0
700967.19,15383,0,50767.43,130747.56,0,0
8354.27,5611,0,0,0,0,0
5423.28,20281,14857.72,11523,0,0,0
708.59,14857.72,14149.13,0,0,0,0
8358.81,3467,0,0,0,0,0
2245.62,30910,28664.38,0,0,0,0
4593.59,78282,73688.41,0,0,0,0
399.66,153760,153360.34,0,0,0,0
1617.9,507865,506247.1,0,0,0,0
2167.26,13669,11501.74,0,0,0,0
9738.95,289748,280009.05,0,0,0,0
3396.25,18524,15127.75,0,0,0,0
6780.78,52640,45859.22,0,0,0,0
2284.54,539,0,0,0,0,0
502.61,15156,14653.39,0,0,0,0
8716.47,8236,0,0,0,0,0
209370.56,0,0,236285.04,215851.28,0,0
117023.79,0,0,121366.44,651524.92,0,0
10891.96,4986.72,0,0,0,0,0
4149.86,0,0,0,0,0,0
13252.81,0,0,0,0,0,0
1213.64,86078,84864.36,0,0,0,0
5800.85,41025,35224.15,0,0,0,0
8094.53,50950,42855.47,0,0,0,0
3825.39,4094,268.61,0,0,0,0
12162.01,38372.2,26210.19,0,0,0,0
472385.25,26210.19,0,1541224.63,3420103.09,0,0
13427.34,102672,89244.66,0,0,0,0
1873.13,139873,137999.87,0,0,0,0
6443.58,546,0,0,0,0,0
4008.01,105389,101380.99,0,0,0,0
197186.52,101380.99,0,362142.37,1015132.48,0,0
1220.37,159791,158570.63,0,0,0,0
1683.95,16741,15057.05,11346.62,9837.06,0,0
2713.67,20210,17496.33,0,0,0,0
4867.56,30853.2,25985.64,0,0,0,0
242940.23,25985.64,0,1274680.48,3461666.05,0,0
4433.98,10931,6497.02,0,0,0,0
2168.8,653735,651566.2,0,0,0,0
10059.7,10776,716.3,0,0,0,0
8092.1,1302,0,0,0,0,0
11770.54,255488,243717.46,0,0,0,0
1576.78,18417,16840.22,0,0,0,0
320.53,16482,16161.47,0,0,0,0
3390.74,48021,44630.26,9463,0,0,0
2736.35,22626.55,19890.19,0,0,0,0
6029.92,19890.19,13860.27,0,0,0,0
7506.65,13860.27,6353.62,0,0,0,0
12621.09,112421,99799.91,0,0,0,0
1582.67,14528,12945.33,0,0,0,0
881.26,5386,4504.74,0,0,0,0
4651.67,35210,30558.33,50204.54,0,0,0
8074.16,21495,13420.84,0,0,0,0
4337.08,13420.84,9083.76,0,0,0,0
429.42,46064,45634.58,31281,14566.06,0,0
7645.96,1798,0,0,0,0,0
221654.28,22377,0,31493.45,49864.36,0,0
10932.41,0,0,0,0,0,0
4518.42,8790,4271.58,0,0,0,0
1616.52,50396,48779.48,0,0,0,0
3545.37,98028,94482.63,0,0,0,0
159334.62,1746897.72,1906232.33,15735.13,0,0,0
334262.17,1906232.33,1571970.16,1288904.4,971418.91,0,0
5403.87,14404,9000.13,0,0,0,0
13288.84,21745,8456.16,0,0,0,0
7079.24,13878.66,6799.42,0,0,0,0
4451.95,6799.42,2347.47,0,0,0,0
25554.79,2347.47,0,0,0,0,0
6757.51,20874,14116.49,0,0,0,0
2756.3,27839.46,25083.17,0,0,0,0
4163.82,25083.17,20919.34,0,0,0,0
5416.8,51206,45789.2,19346,23174.68,0,0
8356.44,26806,18449.56,0,0,0,0
7257.7,1369271.13,1362013.43,13711,17860.54,0,0
5570.5,1362013.43,1356442.93,0,0,0,0
9181.99,1356442.93,1347260.94,0,0,0,0
663.34,1347260.94,1346597.6,0,0,0,0
1532.35,1346597.6,1345065.25,0,0,0,0
1180.55,1345065.25,1343884.7,0,0,0,0
7950.29,1343884.7,1335934.41,0,0,0,0
5334.81,1335934.41,1330599.59,0,0,0,0
760.21,1330599.59,1329839.38,0,0,0,0
1697.56,610733.41,609035.85,0,0,0,0
112.56,609035.85,608923.29,0,0,0,0
13373.96,608923.29,595549.33,0,0,0,0
6606.47,1862,0,18868.96,46462.23,0,0
208501.33,0,0,8698085.64,1.07E+07,0,0
1045.63,26411.48,25365.85,0,0,0,0
363482.02,25365.85,0,480622.13,420946.86,0,0
2935.86,41256,38320.14,18899.88,252055.24,0,0
88626.65,39083,127709.65,13360,0,0,0
540789.56,18130,0,1538532.42,1412484.09,0,0
10430.39,73364.91,62934.52,0,0,0,0
4279.07,62934.52,58655.45,0,0,0,0
3537.25,58655.45,55118.2,0,0,0,0
66225.76,11642,0,16946.28,0,0,0
964.77,28820,27855.23,0,0,0,0
12178.51,0,0,0,0,0,0
310157.55,0,0,1.91E+07,1.92E+07,0,0
2272.54,39494,37221.46,0,0,0,0
6078.56,16124,10045.44,0,0,0,0
4108.8,12083,7974.2,0,0,0,0
2671.31,57811,55139.69,0,0,0,0
12426.38,32300,19873.62,0,0,0,0
17373.04,19873.62,2500.58,0,0,0,0
7272.63,85719,78446.37,0,0,0,0
6548.43,204316,197767.57,0,0,0,0
2644.63,117,0,0,0,0,0
6776.93,5031,0,0,0,0,0
1810.41,0,0,0,0,0,0
2586.39,29859,27272.61,2013609.89,3420103.09,0,0
47564.74,359.21,0,82250,58319.72,0,0
5485.04,0,0,0,0,0,0
2644.54,39695,37050.46,63960,18627.02,0,0
9361.47,31909,22547.53,0,0,0,0
1193.24,280,0,0,0,0,0
9549.7,130,0,36655,897150.84,0,0
593.4,0,0,149933.66,46393.85,0,0
1122.14,30206,29083.86,0,0,0,0
264361.19,29083.86,0,1277212.77,2444985.19,0,0
8148.08,5451,0,0,0,0,0
8264.22,172650,164385.78,0,0,0,0
3393.22,340661,337267.78,0,0,0,0
2392.53,104141,101748.47,0,0,0,0
5324.43,482008.15,476683.72,0,0,0,0
160700.51,476683.72,315983.22,438917.02,557537.26,0,0
8901.32,8687.52,0,13182.08,0,0,0
9864.23,0,0,15207.22,0,0,0
8791.02,41330,32538.98,0,0,0,0
35063.63,35063.63,0,0,0,1,0
35063.63,35063.63,0,31140,7550.03,1,0
1066.04,50240,49173.96,0,0,0,0
5430.64,5656.75,226.11,244233.08,32092.07,0,0
161796.96,226.11,0,1623166.58,971418.91,0,0
107292.25,0,0,199498.92,0,0,0
6488.6,82949,76460.4,0,0,0,0
1617.97,22083.39,20465.43,0,0,0,0
427175.03,20465.43,0,3404364.13,6453430.91,0,0
6765.12,50317,43551.88,16803.8,23568.91,0,0
3269.72,22906.25,19636.54,25808.5,139915.18,0,0
9499.4,19636.54,10137.14,0,0,0,0
865.77,0,0,0,0,0,0
151096.79,0,0,463533.54,60738.03,0,0
4244.4,6055,1810.6,1842542.65,2107965.39,0,0
885.9,1810.6,924.7,0,0,0,0
4322.17,51141,46818.83,0,0,0,0
7664.12,129,0,0,0,0,0
3644.85,24111,20466.15,0,0,0,0
12462.9,33180,20717.1,0,0,0,0
3014.54,15485,12470.46,0,0,0,0
5880.33,11593,5712.67,0,0,0,0
14025.72,20309,6283.28,0,0,0,0
12187.88,22472,10284.12,0,0,0,0
10777.89,105804,95026.11,0,0,0,0
708.82,43324,42615.18,0,0,0,0
5633.3,61694,56060.7,49578,0,0,0
2223.41,17,0,0,0,0,0
2195.63,9320,7124.37,0,0,0,0
1668.11,1080,0,17145.04,9672.67,0,0
281425.06,0,0,299995.48,247063.16,0,0
18561.23,0,0,192136.35,15375.37,0,0
39069.42,0,0,238390.23,651524.92,0,0
63186.93,0,0,150527.05,46393.85,0,0
419757.69,0,0,559328.89,1015132.48,0,0
127920.4,0,0,330781.11,965870.05,0,0
11136.72,0,0,16180.11,27316.83,0,0
33782.98,0,0,39134.79,16896.7,0,0
3776389.09,0,0,1.01E+07,1.69E+07,0,0
1127058.69,0,0,1517620.71,3461666.05,0,0
112401.53,0,0,259740.13,97263.78,0,0
668237.36,0,0,2115891.91,4619798.56,0,0
789419.02,0,0,1967540.22,2107778.11,0,0
569068.84,0,0,1001253.72,3997768.55,0,0
682894.68,0,0,2079321.97,1412484.09,0,0
443116.03,0,0,1299990.45,1254956.07,0,0
3942.44,0,0,25716.56,0,0,0
539430.95,0,0,595549.33,424250.45,0,0
598782.65,0,0,2644679.4,3461666.05,0,0
600581.61,0,0,1570322.56,3997768.55,0,0
221297.05,0,0,595455.57,500631.71,0,0
249592.99,0,0,816752.62,500631.71,0,0
5170.23,184781,179610.77,0,0,0,0
8553.73,69404,60850.27,0,0,0,0
9980.32,12936,2955.68,0,9980.32,0,0
11982.62,22386,10403.38,0,0,0,0
2763.95,60249,57485.05,10137.14,12901.08,0,0
265763.02,57485.05,0,1784963.53,971418.91,0,0
2364.01,31392,29027.99,0,0,0,0
1432.47,7102,5669.53,0,0,0,0
233.76,54214,53980.24,0,0,0,0
13259.12,581420.54,568161.42,0,0,0,0
2364.34,568161.42,565797.08,0,0,0,0
3903.48,11308,7404.52,0,0,0,0
301298.69,213449,0,25871.21,4891090.56,0,0
6623.21,1036,0,0,0,0,0
1009.43,23322,22312.57,476138.03,55974.56,0,0
1639.33,5912,4272.67,0,0,0,0
2033.14,186592,184558.86,0,0,0,0
45864.43,10675,0,42769.62,0,0,0
11411.34,90587,79175.66,0,0,0,0
23.31,45360,45336.69,0,0,0,0
613.83,368,0,0,0,0,0
7154.46,10115,2960.54,0,0,0,0
1091.54,74850,73758.46,0,0,0,0
3193.99,29992,26798.01,0,0,0,0
1849.56,10426,8576.44,0,0,0,0
4170.82,31251,27080.18,0,0,0,0
4099.91,21262,17162.09,0,0,0,0
5923.01,6057,133.99,0,0,0,0
208376.61,133.99,0,1541573.96,2444985.19,0,0
131033.44,0,0,141691.68,353532.56,0,0
223848.92,0,0,249663.72,32092.07,0,0
68332.36,0,0,2170904.16,3997768.55,0,0
205368.78,0,0,2050726.55,971418.91,0,0
424141.36,0,0,763134.49,1186556.81,0,0
373185.07,0,0,430989.2,1178808.14,0,0
2258388.15,0,0,2784129.27,4619798.56,0,0
250968.18,0,0,2239236.52,3997768.55,0,0
19772.53,0,0,44486.99,64259.52,0,0
43023.82,0,0,56750.45,42450.71,0,0
1628887.72,0,0,1986951.69,3940085.21,0,0
755499.13,0,0,8637055.36,1.25E+07,0,0
289203.45,0,0,979086.58,1015132.48,0,0
902485.36,0,0,2016196.28,3420103.09,0,0
351854.11,0,0,3615839.41,3940085.21,0,0
605790.2,0,0,804174.27,1178808.14,0,0
353312.93,0,0,458701.51,965870.05,0,0
855931.4,0,0,1329839.38,2025098.66,0,0
699928.86,0,0,1268290.04,1015132.48,0,0
5886.25,29735.29,23849.03,0,0,0,0
200774.62,23849.03,0,255089.02,97128.19,0,0
1088.94,5096,4007.06,13100.81,0,0,0
3500,103588,100088,0,0,0,0
109552.96,9915.47,0,1846787.05,2107965.39,0,0
59531.87,0,0,1968218.89,1015132.48,0,0
133637.07,0,0,1921882.33,3554299.27,0,0
75752.73,0,0,372141.66,97263.78,0,0
100362.16,0,0,876637.74,1567434.81,0,0
191177.92,0,0,1749950.57,2444985.19,0,0
435589.96,0,0,1409964.46,1178808.14,0,0
1950.77,0,0,106511.31,0,0,0
2223005.62,0,0,3831539.16,6453430.91,0,0
902505.61,0,0,1571970.16,2719172.89,0,0
1201716.66,0,0,4139387.14,5515763.34,0,0
494972.01,0,0,2185770.78,2025098.66,0,0
1417001.19,0,0,2055519.4,3554299.27,0,0
3445.96,8576,5130.04,0,0,0,0
2650.82,3113,462.18,0,0,0,0
2073.2,21363.74,19290.55,0,0,0,0
319825.94,19290.55,0,1743106.48,1254956.07,0,0
129431.13,0,0,976999.9,1567434.81,0,0
105351.94,0,0,1845554.42,1178808.14,0,0
38167,0,0,82599.36,5203.54,0,0
4682.74,0,0,27134.6,40348.79,0,0
1280.14,15159,13878.86,11898,67762.92,0,0
3039.84,152809,149769.16,2079710.62,1517262.16,0,0
5998,164,0,0,0,0,0
4273,0,0,0,0,0,0
3637.13,0,0,0,0,0,0
892.53,29998,29105.47,0,0,0,0
10707.6,42496,31788.4,0,0,0,0
6380.75,31788.4,25407.65,0,0,0,0
271161.74,0,0,0,0,0,0
274108.4,0,0,2062932.43,1254956.07,0,0
2676.97,94551,91874.03,54856.21,0,0,0
7512.61,20574,13061.39,0,0,0,0
8612.28,137974,129361.72,0,0,0,0
413.4,56237.03,55823.63,0,0,0,0
6794.39,55823.63,49029.24,0,0,0,0
9247.18,5582,0,0,0,0,0
2821.51,0,0,0,0,0,0
378703.81,31813,0,6353.62,22774.25,0,0
9818.95,151,0,0,0,0,0
13268.46,5881.44,0,0,0,0,0
378896.52,0,378896.52,3472520.59,3554299.27,0,0
65671.39,378896.52,444567.92,1941128.49,2444985.19,0,0
35492.2,444567.92,480060.12,377569.57,0,0,0
18510.43,480060.12,498570.55,20801,34361.39,0,0
83587.86,498570.55,582158.41,271161.74,0,0,0
62455.76,582158.41,644614.17,171158.16,16518.36,0,0
44708.03,644614.17,689322.19,51569.17,9940339.29,0,0
343189.13,689322.19,1032511.32,8906586.96,1.07E+07,0,0
60215.46,1032511.32,1092726.78,83172.04,0,0,0
235288.68,1092726.78,1328015.46,3093624.06,3554299.27,0,0
206955.99,1328015.46,1534971.46,2027750.76,1015132.48,0,0
383446.61,1534971.46,1918418.07,2337040.82,1254956.07,0,0
145095.94,1918418.07,2063514.01,1187275.85,1186556.81,0,0
300632.87,2063514.01,2364146.87,385057.43,22774.25,0,0
119081.76,2364146.87,2483228.64,2762216.66,1412484.09,0,0
203148.34,2483228.64,2686376.98,1134980.28,424250.45,0,0
104335.07,2686376.98,2790712.05,1875457.1,2444985.19,0,0
251482.63,2790712.05,3042194.68,2643134.89,1412484.09,0,0
92784.06,3042194.68,3134978.74,119296.99,22233.65,0,0
21670.38,3134978.74,3156649.13,54530.44,1891.79,0,0
175443.85,3156649.13,3332092.98,2918681.63,3420103.09,0,0
226031.29,3332092.98,3558124.26,1953594.21,1254956.07,0,0
234052.7,3558124.26,3792176.96,751734.62,130747.56,0,0
229848.96,3792176.96,4022025.93,1042179.91,1186556.81,0,0
111655.85,4022025.93,4133681.78,565797.08,247063.16,0,0
51284.87,4133681.78,4184966.65,6054544.78,6453430.91,0,0
270.78,4184966.65,4185237.43,3019,0,0,0
154442.99,4185237.43,4339680.42,315983.22,185389.8,0,0
34918.59,4339680.42,4374599.01,66604.54,18627.02,0,0
57262.72,4374599.01,4431861.74,72917.77,16896.7,0,0
189703.56,4431861.74,4621565.3,477147.47,55974.56,0,0
288838.13,4621565.3,4910403.44,517681.93,130747.56,0,0
61505.91,4910403.44,4910403.44,4910403.44,1.06E+07,0,0
404167.6,4910403.44,4910403.44,4910403.44,1.06E+07,0,0
57323.56,4910403.44,4967726.99,99774.27,42450.71,0,0
68988.21,4967726.99,5036715.2,1820794.77,1015132.48,0,0
74230.21,5036715.2,5110945.41,1.94E+07,1.92E+07,0,0
377287.8,5110945.41,5488233.21,2256095.33,971418.91,0,0
185897.79,5488233.21,5674131,390209.15,23508.22,0,0
173842.23,5674131,5847973.23,231914.67,66575.5,0,0
31646.31,5847973.23,5879619.54,58072.44,66575.5,0,0
48134.99,5879619.54,5927754.53,55211.3,0,0,0
229982.47,5927754.53,6157737,1727562.92,1254956.07,0,0
216806.48,6157737,6374543.48,1497580.45,1254956.07,0,0
117257.18,6374543.48,6491800.66,204311.36,23508.22,0,0
174413.77,6491800.66,6666214.43,213713.99,46393.85,0,0
72897.92,6666214.43,6739112.35,327169.9,4891090.56,0,0
82564.24,6739112.35,6821676.59,342077.36,0,0,0
63764.9,6821676.59,6885441.49,445655.6,215851.28,0,0
183074.81,6885441.49,7068516.3,187573.89,0,0,0
223744.8,7068516.3,7292261.09,454141.23,247063.16,0,0
46179.38,7292261.09,7338440.47,306791.16,0,0,0
91611.03,7338440.47,7430051.5,931831.94,424250.45,0,0
128022.19,7430051.5,7558073.69,2756959.24,2107778.11,0,0
157949.72,7558073.69,7716023.4,1878807.53,971418.91,0,0
26516.56,7716023.4,7742539.96,63127.8,8383.29,0,0
105647.45,7742539.96,7848187.42,126541.52,265092.36,0,0
61858.19,7848187.42,7910045.61,1720857.81,971418.91,0,0
245041.35,7910045.61,8155086.95,1658999.62,971418.91,0,0
42922.81,8155086.95,8198009.76,87054.17,23508.22,0,0
137465.55,8198009.76,8335475.31,1066345.61,500631.71,0,0
170207.14,8335475.31,8505682.45,259513.13,0,0,0
18513.77,8505682.45,8524196.22,2858335.38,3554299.27,0,0
199318.34,8524196.22,8723514.56,260611.78,0,0,0
26295.3,8723514.56,8749809.86,1.39E+07,1.69E+07,0,0
111549.83,8749809.86,8861359.69,208152.76,277515.05,0,0
56912.01,8861359.69,8918271.71,108462.08,0,0,0
414285.51,8918271.71,9332557.22,614630.33,60738.03,0,0
298109.36,9332557.22,9630666.58,493746.17,9291619.62,0,0
269736.99,9630666.58,9900403.57,473512.63,32092.07,0,0
18622.16,9900403.57,9919025.73,55379.84,36757.68,0,0
183816.31,9919025.73,1.01E+07,2391652.26,1412484.09,0,0
143405.8,1.01E+07,1.02E+07,195636.81,9291619.62,0,0
449.97,13030.57,12580.6,0,0,0,0
2743.55,12580.6,9837.06,0,0,0,0
1548.73,38285.31,36736.58,0,0,0,0
4828.43,36736.58,31908.14,0,0,0,0
1737.12,31908.14,30171.02,0,0,0,0
1089.31,30171.02,29081.71,0,0,0,0
5237.7,29081.71,23844.01,0,0,0,0
3364.48,23844.01,20479.53,0,0,0,0
1889.41,20479.53,18590.13,0,0,0,0
2685.44,11302,8616.56,0,0,0,0
1238.08,8616.56,7378.48,0,0,0,0
17994.24,7378.48,0,0,0,0,0
6396.49,458,0,0,0,0,0
2380.21,6003259.91,6000879.7,0,0,0,0
139754.72,6000879.7,5861124.98,2474475.78,2719172.89,0,0
8787.63,50784,41996.37,0,0,0,0
2261.24,3183,921.76,840220.91,424250.45,0,0
2807.73,1704,0,15655.05,16896.7,0,0
4247.14,49049.96,44802.82,0,0,0,0
4504.48,44802.82,40298.34,0,0,0,0
3051.76,236272,233220.24,0,0,0,0
5675.84,224,0,0,0,0,0
194.4,30364,30169.6,29741.84,31469.78,0,0
8176.58,820,0,0,0,0,0
4074.17,574,0,0,0,0,0
13695.83,27392,13696.17,0,0,0,0
8092.22,595,0,0,0,0,0
286803.5,0,0,774294.17,157982.12,0,0
3620.25,22956.58,19336.33,0,0,0,0
153952.87,19336.33,0,2207835.95,1412484.09,0,0
1335.03,2043,707.97,0,0,0,0
96.32,41255,41158.68,0,0,0,0
412906.88,10353,0,20894.07,265092.36,0,0
288638.46,0,0,1106431.03,1567434.81,0,0
2918.83,158,0,0,0,0,0
4852.65,30128.26,25275.61,0,0,0,0
13343.47,25275.61,11932.14,0,0,0,0
1672.55,50419,48746.45,381890.69,215851.28,0,0
1020.89,75771,74750.11,0,0,0,0
4440.79,49624,45183.21,0,0,0,0
12271.39,715,0,0,0,0,0
379953.15,121856,0,19826.79,387263.02,0,0
9198.49,5970,0,0,0,0,0
660.52,35451,34790.48,0,0,0,0
3485.64,460,0,0,0,0,0
413.84,26512.93,26099.09,0,0,0,0
3865.44,26099.09,22233.65,0,0,0,0
124832.65,128,0,4795,122027.28,0,0
302151.25,166321,0,1786,193018.94,0,0
1854.51,2244,389.49,0,0,0,0
2850.6,51550.07,48699.47,0,0,0,0
130905.88,48699.47,0,433800.95,265092.36,0,0
8782.48,21368,12585.52,0,0,0,0
254286.27,22351,276637.27,11155,0,0,0
10239.16,276637.27,266398.11,0,0,0,0
7276.69,93,0,1463,0,0,0
4993.81,20801,15807.19,120766.35,5203.54,0,0
8531.44,2080,0,31817.35,40348.79,0,0
4297.27,7468,3170.73,0,0,0,0
7287.73,3170.73,0,0,0,0,0
5375.2,81625,76249.8,0,0,0,0
3830.45,84182,80351.55,0,0,0,0
70543.76,80351.55,9807.8,1061097.67,157982.12,0,0
3558.79,20791,17232.21,0,0,0,0
6891.56,41921,35029.44,0,0,0,0
2875.66,399779.94,396904.27,0,0,0,0
4632.68,396904.27,392271.59,0,0,0,0
13693.11,392271.59,378578.48,0,0,0,0
81222.77,180207,98984.23,3243462.05,3461666.05,0,0
2801.1,661,0,10505,3883.96,0,0
273951.34,0,0,9392554.49,1.25E+07,0,0
490341.11,20846,0,0,593737.38,0,0
226.29,11762,11535.71,0,0,0,0
204691.97,11535.71,0,564706.83,265092.36,0,0
3399.54,40264,36864.46,0,0,0,0
261.95,1803,1541.05,0,0,0,0
1815.83,383563.24,381747.41,0,0,0,0
10287.6,381747.41,371459.81,0,0,0,0
2633.08,124905,122271.92,17146,0,0,0
8818.07,56054,47235.93,0,0,0,0
271.77,23550.87,23279.1,0,0,0,0
7017.21,23279.1,16261.9,0,0,0,0
16709.74,26396,9686.26,0,0,0,0
2020.04,9686.26,7666.22,0,0,0,0
3601.28,10621,7019.72,0,0,0,0
6027.22,277100,271072.78,2628937.05,2107778.11,0,0
7886.77,10863,2976.23,0,0,0,0
421520.68,80772,0,31429.67,290772.6,0,0
2444.49,31454,29009.51,0,0,0,0
2786.6,29009.51,26222.91,0,0,0,0
2186.58,46265,44078.42,0,0,0,0
265803.38,2634964.27,2369160.89,20480,141110.62,0,0
12363.37,2369160.89,2356797.53,0,0,0,0
3014.72,31568,28553.28,25407.65,28422.37,0,0
9533.48,13056,3522.52,888,0,0,0
139555.44,19466,0,0,139555.44,0,0
13525.15,173,0,0,0,0,0
5134.7,341,0,0,0,0,0
4881.15,30241,25359.85,0,0,0,0
130470.14,25359.85,0,1280773.97,1254956.07,0,0
722161.86,11120,0,0,708608.07,0,0
5085.47,104537,99451.53,0,0,0,0
4617.63,61807,57189.37,0,0,0,0
3941.6,128,0,0,0,0,0
1471.39,0,0,0,0,0,0
5480.96,379457,373976.04,0,0,0,0
1834.74,40061,38226.26,0,0,0,0
365914.64,1314,367228.64,0,0,0,0
16472.92,367228.64,350755.71,0,0,0,0
31922.09,350755.71,318833.62,0,0,0,0
6450.56,2006,0,0,0,0,0
315325.25,0,0,5341103.79,5515763.34,0,0
2869.11,116740,113870.89,0,0,0,0
2738.86,12622,9883.14,0,0,0,0
60503.37,18465,78968.37,55118.2,0,0,0
450.55,12203,11752.45,0,0,0,0
8161.64,99379,91217.36,490341.11,593737.38,0,0
40149.38,287443.9,247294.52,26426.12,66575.5,0,0
5829.39,247294.52,241465.13,0,0,0,0
9119.89,241465.13,232345.24,0,0,0,0
3854.39,11049,7194.61,0,0,0,0
1053.13,107327,106273.87,0,0,0,0
7296.95,12853.74,5556.8,0,0,0,0
9114.34,5556.8,0,0,0,0,0
18625.28,0,0,0,0,0,0
2134.11,0,0,0,0,0,0
3743.03,0,0,0,0,0,0
17457.7,0,0,0,0,0,0
1098.78,0,0,0,0,0,0
1393.49,0,0,0,0,0,0
3466.83,0,0,0,0,0,0
12960.72,0,0,0,0,0,0
3383.61,0,0,0,0,0,0
3285.68,0,0,0,0,0,0
4898.07,0,0,0,0,0,0
9642.19,0,0,0,0,0,0
1919.77,0,0,0,0,0,0
21820.68,0,0,0,0,0,0
18187.81,0,0,0,0,0,0
23069.76,0,0,0,0,0,0
6820.53,0,0,0,0,0,0
2635.06,105,0,0,0,0,0
5371.1,14805,9433.9,0,0,0,0
358124.44,19909,0,5042517.42,4619798.56,0,0
2645.88,94,0,0,0,0,0
5454.05,86214,80759.95,18590.13,24044.18,0,0
2691.57,11618,8926.43,0,0,0,0
3269.57,57324,54054.43,20445,0,0,0
3623.4,39410,35786.6,0,0,0,0
102.37,43046,42943.63,0,0,0,0
5601.3,7638,2036.7,0,0,0,0
151768.14,2036.7,0,179331.6,92307.65,0,0
2725.19,14785,12059.81,0,0,0,0
1534.54,12059.81,10525.28,0,0,0,0
402.54,10525.28,10122.73,0,0,0,0
12617.81,10709,0,30393,0,0,0
3631.87,13178.14,9546.27,0,0,0,0
333946.96,9546.27,0,4921976.75,22190.99,0,0
7648.78,1596,0,0,0,0,0
11679.19,30414,18734.81,0,0,0,0
272.8,101473,101200.2,0,0,0,0
1380.95,32860.06,31479.11,0,0,0,0
29587.32,31479.11,1891.79,1751806.56,1015132.48,0,0
1056.64,5578,4521.36,0,0,0,0
2515.46,270,0,0,0,0,0
6077.94,73904,67826.06,11082,0,0,0
